parameter,weight
speed,0.32125185598230527
co_emission,0.15377126120538204
co2_emission,0.1763538718836998
nox_emission,0.16167925137112146
fuel_consumption,0.18694375955749146
